<?xml version='1.0' encoding='utf-8' ?>
<!DOCTYPE mapper PUBLIC '-//mybatis.org//DTD Mapper 3.0//EN' 
	'http://mybatis.org/dtd/mybatis-3-mapper.dtd'>
<mapper namespace='com.my.hr.dao.map.LaborerMap'>
	<select id='selectLaborers' resultType='laborer'> 
		select laborer_id, laborer_name, hire_date
		from laborers
		order by laborer_id desc
	</select>

	<insert id='insertLaborer'>
		insert into laborers values(
			laborers_laborerid_seq.nextval,
			#{laborerName, jdbcType=VARCHAR},
			#{hireDate, jdbcType=DATE}
		)
	</insert>
	
	<update id='updateLaborer'> 
		update laborers
		set laborer_name = #{laborerName}, hire_date = #{hireDate}
		where laborer_id = #{laborerId}
	</update>
	
	<delete id='deleteLaborer'>
		delete laborers 
		where laborer_id = #{laborerId}
	</delete>
</mapper>